Gene,AA_ref,AA_pos,AA_alt,gnomad_af,gnomad_ac,gnomad_an,variant_id,Label,source
RAD51C,Phe,8,Ile,1.3680994772491897e-06,2,1461882,17-58692665-T-A,0,gnomAD_proxy_benign
RAD51C,Met,10,Ile,2.052140793275545e-06,3,1461888,17-58692673-G-A,0,gnomAD_proxy_benign
RAD51C,Lys,26,Thr,1.3680976055555708e-06,2,1461884,17-58692720-A-C,0,gnomAD_proxy_benign
RAD51C,Val,28,Met,6.814841982400361e-06,11,1614124,17-58692725-G-A,0,gnomAD_proxy_benign
RAD51C,Gly,31,Arg,1.3680919905054415e-06,2,1461890,17-58692734-G-A,0,gnomAD_proxy_benign
RAD51C,Gly,31,Ala,1.3680919905054415e-06,2,1461890,17-58692735-G-C,0,gnomAD_proxy_benign
RAD51C,Gly,31,Glu,3.420229976263604e-06,5,1461890,17-58692735-G-A,0,gnomAD_proxy_benign
RAD51C,Thr,34,Ile,1.3680919905054415e-06,2,1461890,17-58692744-C-T,0,gnomAD_proxy_benign
RAD51C,Leu,46,Phe,1.2390698550412176e-06,2,1614114,17-58692779-C-T,0,gnomAD_proxy_benign
RAD51C,Arg,66,Ser,1.3681537585920056e-06,2,1461824,17-58694983-A-T,0,gnomAD_proxy_benign
RAD51C,Thr,78,Arg,1.3681968123750666e-06,2,1461778,17-58695018-C-G,0,gnomAD_proxy_benign
RAD51C,Cys,85,Gly,2.052194137565414e-06,3,1461850,17-58695038-T-G,0,gnomAD_proxy_benign
RAD51C,His,95,Arg,2.0521632536911577e-06,3,1461872,17-58695069-A-G,0,gnomAD_proxy_benign
RAD51C,Thr,102,Asn,1.368108835794105e-06,2,1461872,17-58695090-C-A,0,gnomAD_proxy_benign
RAD51C,Ser,105,Thr,1.3681107075184524e-06,2,1461870,17-58695098-T-A,0,gnomAD_proxy_benign
RAD51C,Leu,111,Phe,5.576242727650109e-06,9,1613990,17-58695116-C-T,0,gnomAD_proxy_benign
RAD51C,Thr,120,Arg,1.3684308477155415e-06,2,1461528,17-58695144-C-G,0,gnomAD_proxy_benign
RAD51C,Thr,121,Ile,2.7369703107145543e-06,4,1461470,17-58695147-C-T,0,gnomAD_proxy_benign
RAD51C,Pro,127,Thr,1.2404608560172275e-06,2,1612304,17-58695164-C-A,0,gnomAD_proxy_benign
RAD51C,Lys,131,Arg,2.740904992010262e-06,4,1459372,17-58695177-A-G,0,gnomAD_proxy_benign
RAD51C,Pro,145,Ala,1.3681107075184524e-06,2,1461870,17-58696721-C-G,0,gnomAD_proxy_benign
RAD51C,Pro,145,Leu,1.2391880839673845e-06,2,1613960,17-58696722-C-T,0,gnomAD_proxy_benign
RAD51C,Ile,158,Phe,2.7410477380874064e-06,4,1459296,17-58696760-A-T,0,gnomAD_proxy_benign
RAD51C,Ile,158,Thr,4.7883809252793675e-06,7,1461872,17-58696761-T-C,0,gnomAD_proxy_benign
RAD51C,Glu,161,Gly,1.3681107075184524e-06,2,1461870,17-58696770-A-G,0,gnomAD_proxy_benign
RAD51C,Cys,176,Arg,1.3681181944670564e-05,20,1461862,17-58696814-T-C,0,gnomAD_proxy_benign
RAD51C,Cys,176,Phe,1.368129425043609e-06,2,1461850,17-58696815-G-T,0,gnomAD_proxy_benign
RAD51C,Ala,108,Thr,2.6367831245880027e-05,4,151700,17-58699889-G-A,0,gnomAD_proxy_benign
RAD51C,Ala,108,Ser,0.00013831987458998038,21,151822,17-58699889-G-T,0,gnomAD_proxy_benign
RAD51C,Arg,109,Trp,7.883533925474326e-05,12,152216,17-58699892-C-T,0,gnomAD_proxy_benign
RAD51C,Arg,109,Gln,2.635740643120717e-05,4,151760,17-58699893-G-A,0,gnomAD_proxy_benign
RAD51C,Ala,110,Thr,0.0002955781508630882,45,152244,17-58699895-G-A,0,gnomAD_proxy_benign
RAD51C,Gly,111,Glu,1.9725162732592543e-05,3,152090,17-58699899-G-A,0,gnomAD_proxy_benign
RAD51C,Val,112,Met,1.31542600071033e-05,2,152042,17-58699901-G-A,0,gnomAD_proxy_benign
RAD51C,Arg,115,Cys,4.60586919331491e-05,7,151980,17-58699910-C-T,0,gnomAD_proxy_benign
RAD51C,Arg,121,Gln,2.63664407941572e-05,4,151708,17-58699929-G-A,0,gnomAD_proxy_benign
RAD51C,Pro,125,Leu,7.234557508155319e-05,11,152048,17-58699941-C-T,0,gnomAD_proxy_benign
RAD51C,Arg,126,Thr,1.3151146122384566e-05,2,152078,17-58699944-G-C,0,gnomAD_proxy_benign
RAD51C,Tyr,216,Phe,6.863050571074438e-06,10,1457078,17-58703271-A-T,0,gnomAD_proxy_benign
RAD51C,Glu,218,Gly,1.8635068216773052e-06,3,1609868,17-58703277-A-G,0,gnomAD_proxy_benign
RAD51C,Gln,222,Glu,2.05630435497845e-06,3,1458928,17-58703288-C-G,0,gnomAD_proxy_benign
RAD51C,Leu,225,Pro,1.3703416947015738e-06,2,1459490,17-58703298-T-C,0,gnomAD_proxy_benign
RAD51C,Asp,228,Val,2.740015042682584e-06,4,1459846,17-58703307-A-T,0,gnomAD_proxy_benign
RAD51C,His,169,Arg,1.1602381736922956e-05,5,430946,17-58706493-A-G,0,gnomAD_proxy_benign
RAD51C,Cys,170,Tyr,0.0016689650133791176,731,437996,17-58706496-G-A,0,gnomAD_proxy_benign
RAD51C,Ile,174,Val,6.701020565432115e-06,2,298462,17-58706507-A-G,0,gnomAD_proxy_benign
RAD51C,Ile,174,Thr,0.0002777000217716817,125,450126,17-58706508-T-C,0,gnomAD_proxy_benign
RAD51C,Thr,175,Pro,6.680175465942239e-06,3,449090,17-58706510-A-C,0,gnomAD_proxy_benign
RAD51C,Leu,176,Val,6.443465037758705e-06,2,310392,17-58706513-C-G,0,gnomAD_proxy_benign
RAD51C,Cys,179,Tyr,0.0003037562366972003,141,464188,17-58706523-G-A,0,gnomAD_proxy_benign
RAD51C,Val,181,Ala,6.464486267276339e-06,3,464074,17-58706529-T-C,0,gnomAD_proxy_benign
RAD51C,Pro,184,Ser,4.313673049464889e-06,2,463642,17-58706537-C-T,0,gnomAD_proxy_benign
RAD51C,Leu,185,Phe,8.626266982963122e-06,4,463700,17-58706540-C-T,0,gnomAD_proxy_benign
RAD51C,Arg,190,Ser,2.9013165529780402e-05,9,310204,17-58706557-G-C,0,gnomAD_proxy_benign
RAD51C,Asp,199,His,6.656460094521733e-06,2,300460,17-58706582-G-C,0,gnomAD_proxy_benign
RAD51C,Asp,199,Asn,1.767604233412139e-05,8,452590,17-58706582-G-A,0,gnomAD_proxy_benign
RAD51C,Leu,202,Phe,1.8027242769272925e-05,5,277358,17-58706593-G-T,0,gnomAD_proxy_benign
RAD51C,Pro,204,Ser,1.0901162790697675e-05,3,275200,17-58706597-C-T,0,gnomAD_proxy_benign
RAD51C,Gly,205,Val,4.740594660194174e-06,2,421888,17-58706601-G-T,0,gnomAD_proxy_benign
RAD51C,Met,207,Val,1.4650655128461827e-05,6,409538,17-58706606-A-G,0,gnomAD_proxy_benign
RAD51C,Pro,247,Ser,1.371112040420383e-06,2,1458670,17-58709892-C-T,0,gnomAD_proxy_benign
RAD51C,Leu,252,Val,1.2416437376456448e-06,2,1610768,17-58709907-C-G,0,gnomAD_proxy_benign
RAD51C,Leu,265,Val,2.737753344850149e-06,4,1461052,17-58709946-C-G,0,gnomAD_proxy_benign
RAD51C,Ser,271,Ile,1.3688972847922357e-06,2,1461030,17-58709965-G-T,0,gnomAD_proxy_benign
RAD51C,Asn,274,Asp,2.053598932128555e-06,3,1460850,17-58709973-A-G,0,gnomAD_proxy_benign
RAD51C,Leu,278,Phe,1.2406193668126876e-06,2,1612098,17-58709987-A-C,0,gnomAD_proxy_benign
RAD51C,Val,280,Ile,2.0578531104449762e-06,3,1457830,17-58720746-G-A,0,gnomAD_proxy_benign
RAD51C,Asp,291,Glu,3.4237054627274883e-06,5,1460406,17-58720781-T-G,0,gnomAD_proxy_benign
RAD51C,Ala,300,Val,2.4855249242225587e-06,4,1609318,17-58720807-C-T,0,gnomAD_proxy_benign
RAD51C,Arg,322,Thr,1.372169386077695e-06,2,1457546,17-58724100-G-C,0,gnomAD_proxy_benign
RAD51C,Thr,325,Ser,1.3691690513027643e-06,2,1460740,17-58732491-A-T,0,gnomAD_proxy_benign
RAD51C,His,70,Pro,2.0535174015064603e-06,3,1460908,17-58732493-A-C,0,gnomAD_proxy_benign
RAD51C,Leu,326,Ser,1.369009726814109e-06,2,1460910,17-58732495-T-C,0,gnomAD_proxy_benign
RAD51C,Leu,326,Phe,2.7379932152528126e-06,4,1460924,17-58732496-G-C,0,gnomAD_proxy_benign
RAD51C,Lys,328,Glu,3.0994796593547875e-06,5,1613174,17-58732500-A-G,0,gnomAD_proxy_benign
RAD51C,Lys,328,Arg,2.0532700378622994e-06,3,1461084,17-58732501-A-G,0,gnomAD_proxy_benign
RAD51C,Ser,73,Asn,8.897527856106442e-06,13,1461080,17-58732502-G-A,0,gnomAD_proxy_benign
RAD51C,Ser,331,Thr,4.1060960470613355e-06,6,1461242,17-58732510-G-C,0,gnomAD_proxy_benign
RAD51C,Gln,81,Arg,2.7379332437116517e-06,4,1460956,17-58732526-A-G,0,gnomAD_proxy_benign
RAD51C,Gly,345,Glu,1.3692046700832887e-06,2,1460702,17-58734125-G-A,0,gnomAD_proxy_benign
RAD51C,Phe,346,Ser,2.0535174015064603e-06,3,1460908,17-58734128-T-C,0,gnomAD_proxy_benign
RAD51C,Asp,348,Ala,1.3688560606786515e-06,2,1461074,17-58734134-A-C,0,gnomAD_proxy_benign
RAD51C,Leu,94,Arg,2.053129516884937e-06,3,1461184,17-58734138-T-G,0,gnomAD_proxy_benign
RAD51C,His,99,Arg,1.7970788173982015e-05,29,1613730,17-58734153-A-G,0,gnomAD_proxy_benign
RAD51C,His,101,Arg,1.2394322904336897e-06,2,1613642,17-58734159-A-G,0,gnomAD_proxy_benign
RAD51C,Gln,104,Arg,1.8590447484464582e-06,3,1613732,17-58734168-A-G,0,gnomAD_proxy_benign
