cdna_pos,hgvs_nt,hgvs_pro,mave_score
7448,c.7448G>A,p.Ser2483Asn,5.09382914691234
7451,c.7451T>A,p.Leu2484His,3.776839933403089
7462,c.7462A>G,p.Arg2488Gly,2.919431751602505
7464,c.7464A>C,p.Arg2488Ser,2.964785863045672
7465,c.7465G>T,p.Asp2489Tyr,4.581064321244789
7466,c.7466A>G,p.Asp2489Gly,4.886467140002294
7469,c.7469T>C,p.Ile2490Thr,4.479119143312354
7472,c.7472A>T,p.Gln2491Leu,3.41536767369464
7472,c.7472A>G,p.Gln2491Arg,3.6069109515822926
7481,c.7481G>A,p.Arg2494Gln,2.7887549476964377
7484,c.7484T>C,p.Ile2495Thr,3.5909193101447165
7492,c.7492A>G,p.Lys2498Glu,3.124084151768433
7493,c.7493A>C,p.Lys2498Thr,4.282744842310716
7504,c.7504C>T,p.Arg2502Cys,5.03661791842481
7505,c.7505G>A,p.Arg2502His,4.938500686174093
7508,c.7508T>A,p.Val2503Asp,3.8242125753827065
7522,c.7522G>C,p.Gly2508Arg,1.0760516624686132
7522,c.7522G>A,p.Gly2508Ser,3.223118351306532
7523,c.7523G>T,p.Gly2508Val,1.0950330774930417
7523,c.7523G>A,p.Gly2508Asp,1.0955929485217508
7525,c.7525A>C,p.Ser2509Arg,5.467688696981236
7526,c.7526G>A,p.Ser2509Asn,3.625314841411664
7529,c.7529T>C,p.Leu2510Pro,1.060173436634592
7534,c.7534C>T,p.Leu2512Phe,3.996304979391484
7541,c.7541A>C,p.Lys2514Thr,3.1825425898888904
7544,c.7544C>T,p.Thr2515Ile,4.218899352833771
7547,c.7547C>T,p.Ser2516Phe,3.4226984660961697
7547,c.7547C>G,p.Ser2516Cys,4.322763379609249
7549,c.7549A>G,p.Thr2517Ala,4.612749247370993
7550,c.7550C>T,p.Thr2517Ile,3.961184895774118
7550,c.7550C>G,p.Thr2517Ser,4.285509628688598
7552,c.7552C>G,p.Leu2518Val,5.380873776488258
7559,c.7559G>C,p.Arg2520Pro,3.543355840906812
7559,c.7559G>T,p.Arg2520Leu,4.1475198900542205
7559,c.7559G>A,p.Arg2520Gln,4.232098341397712
7562,c.7562T>C,p.Ile2521Thr,4.085519399775874
7565,c.7565C>T,p.Ser2522Phe,2.850655468044189
7579,c.7579G>A,p.Val2527Ile,4.002535425985994
7580,c.7580T>C,p.Val2527Ala,4.639097366611853
7594,c.7594C>A,p.Pro2532Thr,3.225206130224715
7595,c.7595C>A,p.Pro2532His,3.901948472600197
7598,c.7598C>G,p.Ser2533Cys,4.640887643513707
7618,c.7618C>A,p.Leu2540Met,4.998340740478115
7630,c.7630G>C,p.Gly2544Arg,4.25682035352242
7630,c.7630G>A,p.Gly2544Ser,4.427239983740044
7631,c.7631G>A,p.Gly2544Asp,4.483458417013892
7660,c.7660A>G,p.Ser2554Gly,3.962848878215086
7679,c.7679T>C,p.Phe2560Ser,1.169179349898256
7682,c.7682A>C,p.Gln2561Pro,1.129903809043976
7682,c.7682A>G,p.Gln2561Arg,4.655724380784163
7684,c.7684T>G,p.Phe2562Val,1.082167054270656
7685,c.7685T>G,p.Phe2562Cys,1.320542971656168
7696,c.7696G>T,p.Asp2566Tyr,4.347020407968096
7703,c.7703T>C,p.Phe2568Ser,3.525003367649933
7711,c.7711G>A,p.Glu2571Lys,5.364880922896675
7712,c.7712A>T,p.Glu2571Val,4.940596583778384
7712,c.7712A>G,p.Glu2571Gly,5.5012060469395925
7733,c.7733G>A,p.Gly2578Glu,4.415118094664352
7742,c.7742T>G,p.Leu2581Trp,2.4945686702813745
7744,c.7744G>A,p.Ala2582Thr,4.646129895755284
7750,c.7750G>C,p.Gly2584Arg,3.540790056059503
7750,c.7750G>T,p.Gly2584Cys,3.942527101216255
7751,c.7751G>A,p.Gly2584Asp,2.790297910164444
7753,c.7753G>A,p.Gly2585Arg,1.237939793908953
7759,c.7759C>T,p.Leu2587Phe,3.765849248390095
7760,c.7760T>A,p.Leu2587His,1.0740770953771486
7765,c.7765C>T,p.Pro2589Ser,3.68389496069589
7766,c.7766C>A,p.Pro2589His,3.7716745843481263
7786,c.7786G>A,p.Gly2596Arg,1.2806164789499668
7787,c.7787G>T,p.Gly2596Val,0.9392249644355668
7787,c.7787G>A,p.Gly2596Glu,1.116150028180084
7795,c.7795G>A,p.Glu2599Lys,1.1223697920425693
7796,c.7796A>G,p.Glu2599Gly,1.4053899689703326
7799,c.7799T>G,p.Phe2600Cys,3.3308010360705214
7801,c.7801T>C,p.Tyr2601His,3.3999540254058536
7805,c.7805G>C,p.Arg2602Thr,4.409915053723124
7807,c.7807G>C,p.Ala2603Pro,1.0690424752246337
7807,c.7807G>T,p.Ala2603Ser,4.064535391872929
7807,c.7807G>A,p.Ala2603Thr,5.108974874417352
7811,c.7811T>C,p.Leu2604Pro,0.9762782705732628
7816,c.7816G>A,p.Asp2606Asn,3.3098095290464564
7819,c.7819A>C,p.Thr2607Pro,0.8520758041141299
7822,c.7822C>G,p.Pro2608Ala,3.4739478127264305
7823,c.7823C>A,p.Pro2608Gln,3.7469895939300897
7826,c.7826G>T,p.Gly2609Val,1.082999041723945
7826,c.7826G>A,p.Gly2609Asp,1.756632227595914
7826,c.7826G>C,p.Gly2609Ala,3.036179838380652
7828,c.7828G>C,p.Val2610Leu,1.967881651921916
7829,c.7829T>A,p.Val2610Glu,1.0445903647860313
7829,c.7829T>G,p.Val2610Gly,1.2075701781429855
7829,c.7829T>C,p.Val2610Ala,2.25147506007751
7831,c.7831G>C,p.Asp2611His,4.470004873566175
7832,c.7832A>G,p.Asp2611Gly,1.61667955040633
7832,c.7832A>C,p.Asp2611Ala,3.799462490193676
7834,c.7834C>A,p.Pro2612Thr,3.411469105039789
7835,c.7835C>A,p.Pro2612Gln,2.952056425365923
7841,c.7841T>C,p.Leu2614Pro,1.68365326665851
7841,c.7841T>A,p.Leu2614His,4.491720381864906
7841,c.7841T>G,p.Leu2614Arg,5.563088400933851
7847,c.7847C>T,p.Ser2616Phe,1.282501546645357
7855,c.7855T>G,p.Trp2619Gly,1.0439262120330826
7855,c.7855T>C,p.Trp2619Arg,1.3035277910581162
7856,c.7856G>C,p.Trp2619Ser,0.971157298055346
7857,c.7857G>C,p.Trp2619Cys,1.0023148706866625
7864,c.7864A>G,p.Asn2622Asp,1.333677956438495
7864,c.7864A>C,p.Asn2622His,2.5965850759531324
7867,c.7867C>T,p.His2623Tyr,1.154007798579722
7868,c.7868A>G,p.His2623Arg,0.8321223620832527
7870,c.7870T>G,p.Tyr2624Asp,0.932591832060021
7870,c.7870T>A,p.Tyr2624Asn,0.9343494473770656
7870,c.7870T>C,p.Tyr2624His,1.0221755512942423
7874,c.7874G>T,p.Arg2625Ile,1.173548708115666
7874,c.7874G>A,p.Arg2625Lys,3.944439537691194
7876,c.7876T>C,p.Trp2626Arg,1.0881656853613484
7879,c.7879A>T,p.Ile2627Phe,1.0096512103960884
7879,c.7879A>G,p.Ile2627Val,3.765502980799608
7880,c.7880T>A,p.Ile2627Asn,1.1641763240924965
7883,c.7883T>C,p.Ile2628Thr,4.095842217771503
7888,c.7888A>C,p.Lys2630Gln,0.9829777889913968
7891,c.7891C>A,p.Leu2631Met,4.014068542861639
7892,c.7892T>G,p.Leu2631Arg,1.1414720546477146
7894,c.7894G>A,p.Ala2632Thr,3.516475337094517
7894,c.7894G>T,p.Ala2632Ser,4.075542871397644
7895,c.7895C>T,p.Ala2632Val,2.9493930545191174
7895,c.7895C>G,p.Ala2632Gly,3.6784086839578105
7901,c.7901T>A,p.Met2634Lys,3.4416173909499626
7901,c.7901T>C,p.Met2634Thr,3.718029420273167
7915,c.7915C>A,p.Pro2639Thr,3.616999534240242
7915,c.7915C>G,p.Pro2639Ala,3.975920239186773
7916,c.7916C>T,p.Pro2639Leu,2.8911723706245427
7916,c.7916C>G,p.Pro2639Arg,3.41431856491079
7916,c.7916C>A,p.Pro2639His,3.5036788128598406
7919,c.7919A>C,p.Lys2640Thr,4.835367566084778
7919,c.7919A>G,p.Lys2640Arg,5.006643268592229
7922,c.7922A>G,p.Glu2641Gly,3.412614645141243
7924,c.7924T>G,p.Phe2642Val,2.451232703622175
7925,c.7925T>C,p.Phe2642Ser,1.069967188473586
7925,c.7925T>G,p.Phe2642Cys,2.900365261989124
7926,c.7926T>G,p.Phe2642Leu,3.5579791160559804
7928,c.7928C>G,p.Ala2643Gly,5.065598810196037
7930,c.7930A>T,p.Asn2644Tyr,3.561649164991964
7930,c.7930A>G,p.Asn2644Asp,3.8968751505154966
7930,c.7930A>C,p.Asn2644His,4.5371274622721245
7931,c.7931A>C,p.Asn2644Thr,4.4944074683420565
7931,c.7931A>G,p.Asn2644Ser,4.8090634439830895
7932,c.7932T>G,p.Asn2644Lys,4.492454426084289
7933,c.7933A>G,p.Arg2645Gly,3.724963020622304
7936,c.7936T>A,p.Cys2646Ser,3.5718271704187736
7938,c.7938C>G,p.Cys2646Trp,3.3914158327865684
7939,c.7939C>G,p.Leu2647Val,4.358839910717787
7940,c.7940T>C,p.Leu2647Pro,0.9974222641620596
7940,c.7940T>G,p.Leu2647Arg,1.1166060899669323
7940,c.7940T>A,p.Leu2647Gln,1.4245336160647266
7943,c.7943G>T,p.Ser2648Ile,4.720517696543961
7945,c.7945C>T,p.Pro2649Ser,1.2881188408845097
7948,c.7948G>A,p.Glu2650Lys,4.247079548633159
7949,c.7949A>T,p.Glu2650Val,3.945239395493084
7949,c.7949A>G,p.Glu2650Gly,4.036877178422846
7949,c.7949A>C,p.Glu2650Ala,4.176255506189217
7951,c.7951A>G,p.Arg2651Gly,5.0571798014384814
7952,c.7952G>C,p.Arg2651Thr,5.420422752997267
7953,c.7953G>T,p.Arg2651Ser,4.8930415858832985
7954,c.7954G>T,p.Val2652Leu,3.11
7955,c.7955T>A,p.Val2652Glu,1.1358456844243887
7955,c.7955T>G,p.Val2652Gly,1.1420810620001485
7955,c.7955T>C,p.Val2652Ala,3.5364171285037886
7958,c.7958T>C,p.Leu2653Pro,0.9159248739296214
7958,c.7958T>G,p.Leu2653Arg,1.145081473392536
7958,c.7958T>A,p.Leu2653His,3.0639372341582733
7960,c.7960C>G,p.Leu2654Val,4.000619463596113
7961,c.7961T>C,p.Leu2654Pro,1.3142933230935887
7961,c.7961T>G,p.Leu2654Arg,3.769016064632513
7967,c.7967T>A,p.Leu2656Gln,0.7971528259817428
7967,c.7967T>C,p.Leu2656Pro,1.123442894700302
7970,c.7970A>C,p.Lys2657Thr,1.0512108670960705
7972,c.7972T>C,p.Tyr2658His,3.599080665964202
7973,c.7973A>G,p.Tyr2658Cys,3.735704417983103
7975,c.7975A>G,p.Arg2659Gly,1.4747923799929248
7977,c.7977A>C,p.Arg2659Ser,1.000826735166633
7978,c.7978T>G,p.Tyr2660Asp,0.8780282759837124
7981,c.7981G>C,p.Asp2661His,3.0591836856427665
7985,c.7985C>T,p.Thr2662Met,3.8876891736014425
7985,c.7985C>A,p.Thr2662Lys,4.299844219296457
7987,c.7987G>A,p.Glu2663Lys,0.8255975784070837
7992,c.7992T>G,p.Ile2664Met,3.805148805314733
7993,c.7993G>T,p.Asp2665Tyr,4.077924357857393
7994,c.7994A>G,p.Asp2665Gly,4.739390969872892
8007,c.8007A>T,p.Arg2669Ser,5.3809503212690535
8009,c.8009C>G,p.Ser2670Trp,0.9219193116344184
8009,c.8009C>T,p.Ser2670Leu,0.9761722439100292
8011,c.8011G>T,p.Ala2671Ser,3.63516116436082
8014,c.8014A>G,p.Ile2672Val,4.373799021357613
8019,c.8019A>C,p.Lys2673Asn,3.428804170768463
8022,c.8022G>T,p.Lys2674Asn,3.0040952831610075
8023,c.8023A>G,p.Ile2675Val,3.5900361858846312
8027,c.8027T>C,p.Met2676Thr,5.65511585223142
8029,c.8029G>A,p.Glu2677Lys,3.005195492287115
8032,c.8032A>G,p.Arg2678Gly,5.115916413125832
8035,c.8035G>T,p.Asp2679Tyr,3.8757839718846254
8036,c.8036A>G,p.Asp2679Gly,4.1249567504236495
8039,c.8039A>G,p.Asp2680Gly,3.528216284893657
8045,c.8045C>T,p.Ala2682Val,4.149409330181174
8050,c.8050A>G,p.Lys2684Glu,3.1777204456153707
8057,c.8057T>C,p.Leu2686Pro,0.8575963132340493
8059,c.8059G>T,p.Val2687Phe,1.13573070662323
8060,c.8060T>A,p.Val2687Asp,1.020121872605095
8060,c.8060T>C,p.Val2687Ala,4.291662382223493
8063,c.8063T>G,p.Leu2688Arg,0.817473276881906
8063,c.8063T>C,p.Leu2688Pro,0.9972897691938764
8069,c.8069T>G,p.Val2690Gly,1.108582884154306
8072,c.8072C>T,p.Ser2691Phe,1.1006645694509538
8072,c.8072C>A,p.Ser2691Tyr,1.3701652353431033
8078,c.8078T>A,p.Ile2693Lys,2.831752484091372
8084,c.8084C>T,p.Ser2695Leu,4.450057139259228
8090,c.8090G>A,p.Ser2697Asn,5.385459206291605
8111,c.8111C>T,p.Ser2704Phe,4.805764865345997
8115,c.8115C>G,p.Ser2705Arg,4.658601632316127
8134,c.8134G>A,p.Asp2712Asn,5.193037758511882
8135,c.8135A>T,p.Asp2712Val,4.259504727193182
8149,c.8149G>T,p.Ala2717Ser,4.540467958457512
8162,c.8162T>A,p.Leu2721His,0.9173861470896189
8162,c.8162T>G,p.Leu2721Arg,1.0056909941261705
8164,c.8164A>G,p.Thr2722Ala,1.3887430301293693
8165,c.8165C>A,p.Thr2722Lys,0.9951023300453592
8165,c.8165C>G,p.Thr2722Arg,1.0837539853789266
8165,c.8165C>T,p.Thr2722Ile,1.2362427104709754
8167,c.8167G>A,p.Asp2723Asn,0.8867277925381551
8167,c.8167G>C,p.Asp2723His,1.0
8167,c.8167G>T,p.Asp2723Tyr,1.1696131154131275
8168,c.8168A>G,p.Asp2723Gly,0.9406459490373984
8168,c.8168A>T,p.Asp2723Val,0.9766991913819824
8168,c.8168A>C,p.Asp2723Ala,0.9856785486437049
8170,c.8170G>T,p.Gly2724Trp,1.117879068251608
8171,c.8171G>T,p.Gly2724Val,1.065907898910376
8174,c.8174G>T,p.Trp2725Leu,1.3528979343004863
8177,c.8177A>T,p.Tyr2726Phe,1.351412663880731
8177,c.8177A>G,p.Tyr2726Cys,1.3588534849807663
8182,c.8182G>A,p.Val2728Ile,5.28208230612584
8183,c.8183T>C,p.Val2728Ala,4.492557920420045
8187,c.8187G>T,p.Lys2729Asn,3.864683391193339
8188,c.8188G>C,p.Ala2730Pro,1.012850801029309
8188,c.8188G>A,p.Ala2730Thr,4.153550958181747
8189,c.8189C>T,p.Ala2730Val,2.138640697044054
8198,c.8198A>G,p.Asp2733Gly,2.595802102838053
8199,c.8199T>A,p.Asp2733Glu,3.4482516768339417
8204,c.8204C>G,p.Pro2735Arg,4.507110131850567
8206,c.8206C>T,p.Leu2736Phe,3.4367073282561296
8227,c.8227G>T,p.Gly2743Cys,3.594574869536457
8230,c.8230A>G,p.Arg2744Gly,5.401043607424693
8233,c.8233C>G,p.Leu2745Val,3.346768543386254
8239,c.8239G>A,p.Val2747Ile,1.2332076688337086
8242,c.8242G>A,p.Gly2748Ser,0.9716558718546708
8243,c.8243G>A,p.Gly2748Asp,0.948295535171688
8252,c.8252T>G,p.Ile2751Ser,1.0409588254640394
8258,c.8258T>C,p.Leu2753Pro,1.009583525224779
8264,c.8264G>T,p.Gly2755Val,2.0611946190532
8266,c.8266G>A,p.Ala2756Thr,4.523748298610786
8267,c.8267C>G,p.Ala2756Gly,5.181504329876769
8270,c.8270A>T,p.Glu2757Val,4.6143577455838685
8291,c.8291C>T,p.Ala2764Val,4.654440044864884
8293,c.8293T>G,p.Cys2765Gly,3.41350137203062
8294,c.8294G>A,p.Cys2765Tyr,4.4428081816435165
8299,c.8299C>T,p.Pro2767Ser,3.053546664446279
8300,c.8300C>G,p.Pro2767Arg,0.7636978806620853
8300,c.8300C>T,p.Pro2767Leu,3.271445783742522
8303,c.8303T>A,p.Leu2768His,3.4016235640859045
8303,c.8303T>C,p.Leu2768Pro,3.9316245722059695
8305,c.8305G>C,p.Glu2769Gln,3.9702721264957184
8308,c.8308G>A,p.Ala2770Thr,3.797599202388168
8309,c.8309C>A,p.Ala2770Asp,3.509299022461429
8312,c.8312C>T,p.Pro2771Leu,2.81090213647942
8318,c.8318C>G,p.Ser2773Cys,3.835078170767415
8321,c.8321T>C,p.Leu2774Pro,3.5048822464599665
8321,c.8321T>G,p.Leu2774Arg,4.405508184866888
8326,c.8326T>A,p.Leu2776Ile,4.449269454614981
8339,c.8339C>A,p.Ala2780Asp,1.039014309161874
8342,c.8342A>T,p.Asn2781Ile,1.0171209835424544
8344,c.8344A>C,p.Ser2782Arg,5.342544662521735
8345,c.8345G>A,p.Ser2782Asn,4.993607799538154
8350,c.8350C>T,p.Arg2784Trp,1.349240423809681
8353,c.8353C>A,p.Pro2785Thr,4.292914146852375
8354,c.8354C>T,p.Pro2785Leu,4.788796581826593
8356,c.8356G>C,p.Ala2786Pro,1.2267195587135782
8359,c.8359C>T,p.Arg2787Cys,2.902665862453264
8360,c.8360G>A,p.Arg2787His,3.966963182594709
8362,c.8362T>C,p.Trp2788Arg,1.053200565342327
8363,c.8363G>T,p.Trp2788Leu,1.0820064713232211
8363,c.8363G>C,p.Trp2788Ser,1.0899116760990724
8368,c.8368A>T,p.Thr2790Ser,4.496219406917617
8375,c.8375T>G,p.Leu2792Arg,1.0656830563151798
8375,c.8375T>C,p.Leu2792Pro,1.1040831314011257
8377,c.8377G>A,p.Gly2793Arg,1.178807693797724
8378,c.8378G>A,p.Gly2793Glu,1.0869008509239952
8378,c.8378G>T,p.Gly2793Val,1.1610239410381622
8382,c.8382C>G,p.Phe2794Leu,3.5603591008488102
8392,c.8392C>T,p.Pro2798Ser,3.874410561590776
8393,c.8393C>T,p.Pro2798Leu,4.163287963191826
8398,c.8398C>A,p.Pro2800Thr,2.94345407180736
8398,c.8398C>T,p.Pro2800Ser,3.8591226542438735
8399,c.8399C>G,p.Pro2800Arg,2.24691729622068
8399,c.8399C>A,p.Pro2800His,2.85782670396937
8417,c.8417C>T,p.Ser2806Leu,4.938058834669008
8420,c.8420C>T,p.Ser2807Leu,3.0416607724210443
8428,c.8428A>G,p.Ser2810Gly,4.367582259887945
8434,c.8434G>A,p.Gly2812Arg,2.522083871995749
8438,c.8438G>A,p.Gly2813Glu,3.159714100119938
8443,c.8443G>A,p.Val2815Ile,4.532898139957902
8446,c.8446G>T,p.Gly2816Cys,4.537823207649417
8447,c.8447G>A,p.Gly2816Asp,4.188398051289045
8450,c.8450G>T,p.Cys2817Phe,3.23250848423747
8455,c.8455G>C,p.Asp2819His,1.3745853564558903
8456,c.8456A>T,p.Asp2819Val,1.1995808536437338
8456,c.8456A>G,p.Asp2819Gly,1.290990907254994
8462,c.8462T>C,p.Ile2821Thr,3.76497263897203
8464,c.8464A>T,p.Ile2822Phe,2.5842459408348866
8470,c.8470A>G,p.Arg2824Gly,0.9970987912960474
8471,c.8471G>C,p.Arg2824Thr,1.355996834069427
8477,c.8477A>G,p.Tyr2826Cys,1.3411284307102107
8479,c.8479C>G,p.Pro2827Ala,3.8023536685651753
8479,c.8479C>T,p.Pro2827Ser,4.610876108166436
8486,c.8486A>G,p.Gln2829Arg,5.245691711184539
8499,c.8499G>C,p.Lys2833Asn,3.0038258149497707
8503,c.8503T>C,p.Ser2835Pro,5.0413555829416
8510,c.8510G>A,p.Gly2837Glu,2.539179205983328
8525,c.8525G>T,p.Arg2842Leu,2.4417008270193814
8541,c.8541A>C,p.Glu2847Asp,3.3772655873154505
8542,c.8542G>C,p.Glu2848Gln,4.792739954259123
8545,c.8545A>G,p.Lys2849Glu,4.5616242572660965
8552,c.8552C>T,p.Ala2851Val,5.031168933621711
8567,c.8567A>C,p.Glu2856Ala,3.999044619627888
8572,c.8572C>A,p.Gln2858Lys,5.228190087944898
8573,c.8573A>G,p.Gln2858Arg,4.813141252556475
8582,c.8582G>T,p.Arg2861Ile,4.00126376863261
8585,c.8585T>A,p.Leu2862Gln,3.627962851555132
8593,c.8593T>G,p.Leu2865Val,4.450533759430747
8606,c.8606T>A,p.Ile2869Asn,2.695704188405786
8618,c.8618T>G,p.Phe2873Cys,3.791937819569851
8632,c.8632G>A,p.Glu2878Lys,4.870913373548653
8662,c.8662C>T,p.Arg2888Cys,4.570133302748154
8676,c.8676A>C,p.Arg2892Ser,4.897409731895688
8686,c.8686C>T,p.Arg2896Cys,5.783833303508204
8693,c.8693T>C,p.Leu2898Ser,3.208713195518037
8699,c.8699A>T,p.Asp2900Val,3.1483714209767486
8702,c.8702G>T,p.Gly2901Val,4.206312169607169
8702,c.8702G>A,p.Gly2901Asp,4.2450751496299794
8713,c.8713T>C,p.Tyr2905His,3.933155484517432
8714,c.8714A>G,p.Tyr2905Cys,3.6278891980959593
8723,c.8723T>G,p.Val2908Gly,2.5333531824973434
8732,c.8732C>A,p.Ala2911Glu,4.526708980157731
8732,c.8732C>T,p.Ala2911Val,4.898163931601648
8734,c.8734G>A,p.Ala2912Thr,4.35465528010047
8737,c.8737G>C,p.Asp2913His,2.935272280395333
8738,c.8738A>G,p.Asp2913Gly,3.0095572663744248
8738,c.8738A>T,p.Asp2913Val,3.138790285734205
8739,c.8739C>G,p.Asp2913Glu,4.9178545928183945
8764,c.8764A>G,p.Ser2922Gly,3.9366854015514297
8766,c.8766T>G,p.Ser2922Arg,4.152866679372752
8786,c.8786T>G,p.Leu2929Trp,3.852131073405307
8798,c.8798G>C,p.Arg2933Thr,5.209734625978341
8825,c.8825C>A,p.Ala2942Asp,4.384100044675996
8830,c.8830A>T,p.Ile2944Phe,4.7118728724758805
8839,c.8839G>A,p.Glu2947Lys,4.889608253299843
8850,c.8850G>T,p.Lys2950Asn,5.414868251738424
8851,c.8851G>A,p.Ala2951Thr,3.8736808322143226
8893,c.8893G>C,p.Asp2965His,5.328790924711168
8897,c.8897T>C,p.Val2966Ala,2.9094781350763923
8905,c.8905G>A,p.Val2969Met,3.011518664052475
8915,c.8915T>G,p.Leu2972Trp,2.7784330030445417
8917,c.8917C>T,p.Arg2973Cys,3.0817674783138256
8918,c.8918G>A,p.Arg2973His,3.085810337346484
8941,c.8941G>A,p.Glu2981Lys,4.864553504330499
8962,c.8962A>G,p.Ser2988Gly,3.972311916321441
8971,c.8971C>T,p.Arg2991Cys,4.353190272073342
8972,c.8972G>A,p.Arg2991His,3.8974410791643295
8993,c.8993C>A,p.Ser2998Tyr,5.186567753674215
9004,c.9004G>A,p.Glu3002Lys,1.0743218432235364
9005,c.9005A>G,p.Glu3002Gly,0.9639334865541824
9008,c.9008G>A,p.Gly3003Glu,1.346987898485162
9016,c.9016T>G,p.Tyr3006Asp,1.0629033230885292
9032,c.9032T>C,p.Leu3011Pro,3.116486013681197
9038,c.9038C>T,p.Thr3013Ile,5.900670182554566
9043,c.9043A>G,p.Lys3015Glu,3.9262162458869065
9046,c.9046T>G,p.Ser3016Ala,4.493701112070587
9059,c.9059C>G,p.Ser3020Cys,3.931845823018636
9076,c.9076C>G,p.Gln3026Glu,3.0560728913384585
9082,c.9082G>C,p.Ala3028Pro,1.1831987469977272
9086,c.9086C>T,p.Ala3029Val,4.946291215172976
9089,c.9089C>T,p.Thr3030Ile,4.20730271789854
9098,c.9098C>T,p.Thr3033Ile,2.3166397371026863
9102,c.9102G>C,p.Gln3034His,5.796525258669884
9104,c.9104A>C,p.Tyr3035Ser,3.097770664796294
9104,c.9104A>G,p.Tyr3035Cys,4.158256408019068
9115,c.9115C>T,p.Pro3039Ser,5.417310155269882
9116,c.9116C>T,p.Pro3039Leu,4.134961792687109
9130,c.9130A>G,p.Ile3044Val,3.5235075283669044
9146,c.9146A>G,p.Tyr3049Cys,3.317432907980844
9149,c.9149A>T,p.Gln3050Leu,4.574095467185219
9154,c.9154C>T,p.Arg3052Trp,0.9714117647724811
9155,c.9155G>T,p.Arg3052Leu,1.040084600291877
9160,c.9160C>T,p.Pro3054Ser,5.070090976913631
9172,c.9172A>G,p.Ser3058Gly,5.20754606468828
9175,c.9175A>G,p.Lys3059Glu,4.274762614606207
9179,c.9179T>G,p.Phe3060Cys,5.577169773497714
9187,c.9187C>T,p.Pro3063Ser,3.762857770289039
9193,c.9193T>G,p.Phe3065Val,4.346324874824265
9205,c.9205T>C,p.Cys3069Arg,3.518920970484513
9205,c.9205T>G,p.Cys3069Gly,5.37251055474022
9206,c.9206G>T,p.Cys3069Phe,4.990063701715051
9208,c.9208T>C,p.Ser3070Pro,6.307922434658936
9209,c.9209C>T,p.Ser3070Phe,5.004068714290225
9213,c.9213G>T,p.Glu3071Asp,4.304000574864263
9215,c.9215T>A,p.Val3072Glu,0.97231194568963
9217,c.9217G>T,p.Asp3073Tyr,0.9826675175380284
9218,c.9218A>G,p.Asp3073Gly,1.083819578440934
9221,c.9221T>C,p.Leu3074Pro,1.0734780761303602
9226,c.9226G>A,p.Gly3076Arg,1.0337743358863785
9227,c.9227G>A,p.Gly3076Glu,1.0409435221790455
9227,c.9227G>T,p.Gly3076Val,1.1618312185262556
9232,c.9232G>T,p.Val3078Phe,1.010145857983433
9235,c.9235G>A,p.Val3079Ile,5.157946392637431
9241,c.9241G>T,p.Val3081Phe,0.8748033638045748
9242,c.9242T>C,p.Val3081Ala,3.2248429806247203
9257,c.9257G>C,p.Gly3086Ala,4.7268321809204
9263,c.9263C>T,p.Ala3088Val,6.136704224328911
9266,c.9266C>T,p.Pro3089Leu,1.2388909627932754
9271,c.9271G>A,p.Val3091Ile,4.776539967088064
9275,c.9275A>G,p.Tyr3092Cys,3.622870803128669
9284,c.9284A>G,p.Asp3095Gly,1.0414005596578444
9285,c.9285C>G,p.Asp3095Glu,0.9480231256621984
9286,c.9286G>A,p.Glu3096Lys,4.143478526881389
9292,c.9292T>C,p.Tyr3098His,5.306531217180332
9302,c.9302T>C,p.Leu3101Pro,0.9024047720488052
9302,c.9302T>G,p.Leu3101Arg,1.149454753079536
9320,c.9320T>C,p.Ile3107Thr,5.613310897900444
9334,c.9334G>T,p.Asp3112Tyr,3.2515965216405576
9334,c.9334G>A,p.Asp3112Asn,5.668927745207467
9335,c.9335A>G,p.Asp3112Gly,4.520562910816221
9338,c.9338T>C,p.Ile3113Thr,5.526255050900959
9364,c.9364G>C,p.Ala3122Pro,1.0923892942107043
9365,c.9365C>A,p.Ala3122Glu,1.0535481346293885
9367,c.9367A>G,p.Ser3123Gly,3.724967211674752
9367,c.9367A>C,p.Ser3123Arg,4.556123284032709
9370,c.9370A>C,p.Asn3124His,3.951850258383839
9371,c.9371A>T,p.Asn3124Ile,0.9923063317949626
9372,c.9372C>A,p.Asn3124Lys,1.058741879929953
9373,c.9373C>T,p.Leu3125Phe,1.0837649183962004
9374,c.9374T>G,p.Leu3125Arg,0.90705213274303
9374,c.9374T>A,p.Leu3125His,0.9592969585810958
9377,c.9377A>C,p.Gln3126Pro,5.33382285062525
9377,c.9377A>G,p.Gln3126Arg,5.513866366837637
9383,c.9383G>A,p.Arg3128Gln,4.720417421496678
9437,c.9437T>C,p.Phe3146Ser,1.055341021049771
9454,c.9454G>A,p.Glu3152Lys,4.897609724208049
9458,c.9458G>T,p.Gly3153Val,5.138530471942728
9509,c.9509A>G,p.Asp3170Gly,4.727532636007325
9535,c.9535A>G,p.Lys3179Glu,4.463060047248703
9539,c.9539T>C,p.Leu3180Pro,1.3681664755163747
9539,c.9539T>G,p.Leu3180Arg,2.930242919401121
9547,c.9547A>G,p.Ile3183Val,4.7488761120643765
9551,c.9551T>C,p.Leu3184Pro,3.286414616791451
9561,c.9561T>A,p.Asn3187Lys,4.60307051218178
9573,c.9573G>C,p.Trp3191Cys,3.57294406300264
